threshold,recall,precision,f1,fbeta,youden_j
0.05,0.9722222222222222,0.3017241379310345,0.4605263157894737,0.6730769230769231,0.6654040404040404
0.05452261306532664,0.9722222222222222,0.30837004405286345,0.4682274247491639,0.6796116504854369,0.6748737373737375
0.05904522613065327,0.9722222222222222,0.31390134529147984,0.4745762711864407,0.684931506849315,0.6824494949494948
0.0635678391959799,0.9722222222222222,0.3181818181818182,0.4794520547945205,0.6889763779527559,0.6881313131313131
0.06809045226130653,0.9722222222222222,0.3225806451612903,0.4844290657439446,0.693069306930693,0.6938131313131313
0.07261306532663317,0.9722222222222222,0.32710280373831774,0.48951048951048953,0.6972111553784861,0.6994949494949494
0.0771356783919598,0.9722222222222222,0.33175355450236965,0.49469964664310956,0.7014028056112225,0.7051767676767677
0.08165829145728642,0.9722222222222222,0.3349282296650718,0.498220640569395,0.704225352112676,0.7089646464646464
0.08618090452261307,0.9722222222222222,0.33980582524271846,0.5035971223021583,0.708502024291498,0.7146464646464645
0.09070351758793971,0.9722222222222222,0.34146341463414637,0.5054151624548736,0.7099391480730223,0.716540404040404
0.09522613065326634,0.9722222222222222,0.35175879396984927,0.5166051660516605,0.7186858316221766,0.7279040404040404
0.09974874371859296,0.9722222222222222,0.358974358974359,0.5243445692883895,0.7246376811594203,0.735479797979798
0.1042713567839196,0.9722222222222222,0.358974358974359,0.5243445692883895,0.7246376811594203,0.735479797979798
0.10879396984924623,0.9722222222222222,0.36082474226804123,0.5263157894736842,0.7261410788381742,0.7373737373737375
0.11331658291457286,0.9722222222222222,0.36649214659685864,0.532319391634981,0.7306889352818372,0.7430555555555556
0.1178391959798995,0.9722222222222222,0.37037037037037035,0.5363984674329502,0.7337526205450734,0.7468434343434343
0.12236180904522613,0.9722222222222222,0.3723404255319149,0.5384615384615384,0.7352941176470589,0.7487373737373737
0.12688442211055276,0.9722222222222222,0.3783783783783784,0.5447470817120622,0.7399577167019028,0.754419191919192
0.1314070351758794,0.9722222222222222,0.3804347826086957,0.546875,0.7415254237288136,0.7563131313131313
0.135929648241206,0.9722222222222222,0.38461538461538464,0.5511811023622047,0.7446808510638298,0.7601010101010099
0.14045226130653266,0.9722222222222222,0.3867403314917127,0.5533596837944664,0.746268656716418,0.7619949494949494
0.1449748743718593,0.9722222222222222,0.3888888888888889,0.5555555555555556,0.7478632478632479,0.7638888888888888
0.14949748743718594,0.9305555555555556,0.3806818181818182,0.5403225806451613,0.7219827586206896,0.7241161616161618
0.15402010050251258,0.9305555555555556,0.38285714285714284,0.5425101214574899,0.7235421166306696,0.726010101010101
0.1585427135678392,0.9166666666666666,0.3793103448275862,0.5365853658536586,0.7142857142857143,0.7121212121212119
0.1630653266331658,0.9166666666666666,0.38372093023255816,0.5409836065573771,0.717391304347826,0.7159090909090908
0.16758793969849245,0.9166666666666666,0.3905325443786982,0.5477178423236515,0.7221006564551422,0.7215909090909092
0.1721105527638191,0.9166666666666666,0.39520958083832336,0.5523012552301255,0.7252747252747253,0.7253787878787878
0.17663316582914573,0.9166666666666666,0.4,0.5569620253164557,0.7284768211920529,0.7291666666666665
0.18115577889447237,0.9166666666666666,0.4,0.5569620253164557,0.7284768211920529,0.7291666666666665
0.18567839195979902,0.9027777777777778,0.3987730061349693,0.5531914893617021,0.720620842572062,0.7171717171717171
0.1902010050251256,0.9027777777777778,0.41139240506329117,0.5652173913043478,0.7286995515695067,0.7266414141414141
0.19472361809045224,0.9027777777777778,0.4140127388535032,0.5676855895196506,0.7303370786516854,0.7285353535353536
0.19924623115577889,0.9027777777777778,0.4304635761589404,0.5829596412556054,0.7403189066059226,0.7398989898989901
0.20376884422110553,0.9027777777777778,0.4304635761589404,0.5829596412556054,0.7403189066059226,0.7398989898989901
0.20829145728643217,0.9027777777777778,0.4304635761589404,0.5829596412556054,0.7403189066059226,0.7398989898989901
0.2128140703517588,0.9027777777777778,0.43333333333333335,0.5855855855855856,0.7420091324200914,0.7417929292929293
0.2173366834170854,0.9027777777777778,0.43333333333333335,0.5855855855855856,0.7420091324200914,0.7417929292929293
0.22185929648241204,0.9027777777777778,0.436241610738255,0.5882352941176471,0.7437070938215103,0.7436868686868687
0.22638190954773868,0.9027777777777778,0.436241610738255,0.5882352941176471,0.7437070938215103,0.7436868686868687
0.23090452261306532,0.9027777777777778,0.436241610738255,0.5882352941176471,0.7437070938215103,0.7436868686868687
0.23542713567839196,0.9027777777777778,0.4391891891891892,0.5909090909090909,0.7454128440366973,0.745580808080808
0.2399497487437186,0.9027777777777778,0.4391891891891892,0.5909090909090909,0.7454128440366973,0.745580808080808
0.24447236180904525,0.9027777777777778,0.4421768707482993,0.593607305936073,0.7471264367816092,0.7474747474747474
0.24899497487437183,0.9027777777777778,0.4452054794520548,0.5963302752293578,0.7488479262672811,0.7493686868686869
0.2535175879396985,0.9027777777777778,0.4452054794520548,0.5963302752293578,0.7488479262672811,0.7493686868686869
0.2580402010050251,0.9027777777777778,0.45454545454545453,0.6046511627906976,0.7540603248259861,0.7550505050505052
0.26256281407035176,0.9027777777777778,0.45774647887323944,0.6074766355140186,0.7558139534883721,0.7569444444444444
0.2670854271356784,0.9027777777777778,0.45774647887323944,0.6074766355140186,0.7558139534883721,0.7569444444444444
0.27160804020100504,0.9027777777777778,0.4642857142857143,0.6132075471698113,0.7593457943925234,0.7607323232323231
0.2761306532663316,0.9027777777777778,0.4642857142857143,0.6132075471698113,0.7593457943925234,0.7607323232323231
0.28065326633165827,0.8888888888888888,0.460431654676259,0.6066350710900474,0.7494145199063232,0.7468434343434343
0.2851758793969849,0.8888888888888888,0.463768115942029,0.6095238095238096,0.7511737089201878,0.7487373737373737
0.28969849246231155,0.875,0.4666666666666667,0.6086956521739131,0.7446808510638298,0.7386363636363638
0.2942211055276382,0.875,0.4701492537313433,0.6116504854368932,0.7464454976303317,0.740530303030303
0.29874371859296484,0.875,0.4772727272727273,0.6176470588235294,0.75,0.7443181818181817
0.3032663316582914,0.875,0.4772727272727273,0.6176470588235294,0.75,0.7443181818181817
0.30778894472361806,0.875,0.48091603053435117,0.6206896551724138,0.7517899761336515,0.7462121212121211
0.3123115577889447,0.875,0.48091603053435117,0.6206896551724138,0.7517899761336515,0.7462121212121211
0.31683417085427135,0.875,0.48091603053435117,0.6206896551724138,0.7517899761336515,0.7462121212121211
0.321356783919598,0.875,0.4846153846153846,0.6237623762376238,0.7535885167464115,0.7481060606060606
0.3258793969849246,0.875,0.4846153846153846,0.6237623762376238,0.7535885167464115,0.7481060606060606
0.3304020100502512,0.8611111111111112,0.4806201550387597,0.6169154228855721,0.7434052757793765,0.7342171717171717
0.33492462311557786,0.8611111111111112,0.484375,0.62,0.7451923076923077,0.7361111111111112
0.3394472361809045,0.8611111111111112,0.484375,0.62,0.7451923076923077,0.7361111111111112
0.34396984924623114,0.8611111111111112,0.4881889763779528,0.6231155778894473,0.7469879518072289,0.7380050505050506
0.3484924623115578,0.8611111111111112,0.4881889763779528,0.6231155778894473,0.7469879518072289,0.7380050505050506
0.3530150753768844,0.8611111111111112,0.4881889763779528,0.6231155778894473,0.7469879518072289,0.7380050505050506
0.357537688442211,0.8611111111111112,0.4881889763779528,0.6231155778894473,0.7469879518072289,0.7380050505050506
0.36206030150753765,0.8611111111111112,0.49206349206349204,0.6262626262626263,0.748792270531401,0.7398989898989901
0.3665829145728643,0.8611111111111112,0.496,0.6294416243654822,0.7506053268765133,0.7417929292929295
0.37110552763819094,0.8611111111111112,0.5,0.6326530612244898,0.7524271844660194,0.7436868686868687
0.3756281407035176,0.8611111111111112,0.5040650406504065,0.6358974358974359,0.754257907542579,0.7455808080808082
0.3801507537688442,0.8611111111111112,0.5081967213114754,0.6391752577319587,0.7560975609756098,0.7474747474747474
0.3846733668341708,0.8611111111111112,0.5081967213114754,0.6391752577319587,0.7560975609756098,0.7474747474747474
0.38919597989949745,0.8611111111111112,0.5081967213114754,0.6391752577319587,0.7560975609756098,0.7474747474747474
0.3937185929648241,0.8611111111111112,0.512396694214876,0.6424870466321243,0.7579462102689487,0.7493686868686869
0.39824120603015073,0.8611111111111112,0.512396694214876,0.6424870466321243,0.7579462102689487,0.7493686868686869
0.40276381909547737,0.8611111111111112,0.512396694214876,0.6424870466321243,0.7579462102689487,0.7493686868686869
0.407286432160804,0.8611111111111112,0.5166666666666667,0.6458333333333334,0.7598039215686274,0.7512626262626263
0.41180904522613065,0.8611111111111112,0.5210084033613446,0.6492146596858639,0.7616707616707616,0.7531565656565657
0.41633165829145724,0.8611111111111112,0.5210084033613446,0.6492146596858639,0.7616707616707616,0.7531565656565657
0.4208542713567839,0.8611111111111112,0.5254237288135594,0.6526315789473685,0.7635467980295566,0.7550505050505052
0.4253768844221105,0.8611111111111112,0.5254237288135594,0.6526315789473685,0.7635467980295566,0.7550505050505052
0.42989949748743717,0.8611111111111112,0.5299145299145299,0.656084656084656,0.7654320987654321,0.7569444444444446
0.4344221105527638,0.8611111111111112,0.5344827586206896,0.6595744680851063,0.7673267326732673,0.7588383838383839
0.43894472361809045,0.8611111111111112,0.5344827586206896,0.6595744680851063,0.7673267326732673,0.7588383838383839
0.44346733668341703,0.8611111111111112,0.5391304347826087,0.6631016042780749,0.7692307692307693,0.7607323232323233
0.4479899497487437,0.8611111111111112,0.543859649122807,0.6666666666666666,0.7711442786069652,0.7626262626262625
0.4525125628140703,0.8611111111111112,0.5585585585585585,0.6775956284153005,0.7769423558897243,0.7683080808080809
0.45703517587939696,0.8611111111111112,0.5636363636363636,0.6813186813186813,0.7788944723618091,0.7702020202020203
0.4615577889447236,0.8611111111111112,0.5688073394495413,0.6850828729281768,0.7808564231738035,0.7720959595959598
0.46608040201005024,0.8611111111111112,0.5740740740740741,0.6888888888888889,0.7828282828282829,0.773989898989899
0.47060301507537683,0.8611111111111112,0.5740740740740741,0.6888888888888889,0.7828282828282829,0.773989898989899
0.47512562814070347,0.8611111111111112,0.5740740740740741,0.6888888888888889,0.7828282828282829,0.773989898989899
0.4796482412060301,0.8611111111111112,0.5740740740740741,0.6888888888888889,0.7828282828282829,0.773989898989899
0.48417085427135675,0.8611111111111112,0.5794392523364486,0.6927374301675978,0.7848101265822784,0.7758838383838385
0.4886934673366834,0.8611111111111112,0.5794392523364486,0.6927374301675978,0.7848101265822784,0.7758838383838385
0.49321608040201004,0.8611111111111112,0.5794392523364486,0.6927374301675978,0.7848101265822784,0.7758838383838385
0.4977386934673367,0.8611111111111112,0.5794392523364486,0.6927374301675978,0.7848101265822784,0.7758838383838385
0.5022613065326633,0.8611111111111112,0.5794392523364486,0.6927374301675978,0.7848101265822784,0.7758838383838385
0.50678391959799,0.8611111111111112,0.5849056603773585,0.6966292134831461,0.7868020304568528,0.7777777777777777
0.5113065326633166,0.8472222222222222,0.5922330097087378,0.6971428571428572,0.7800511508951407,0.7676767676767677
0.5158291457286432,0.8333333333333334,0.594059405940594,0.6936416184971098,0.7712082262210797,0.7556818181818183
0.5203517587939699,0.8333333333333334,0.594059405940594,0.6936416184971098,0.7712082262210797,0.7556818181818183
0.5248743718592965,0.8333333333333334,0.594059405940594,0.6936416184971098,0.7712082262210797,0.7556818181818183
0.5293969849246231,0.8333333333333334,0.594059405940594,0.6936416184971098,0.7712082262210797,0.7556818181818183
0.5339195979899497,0.8333333333333334,0.6,0.6976744186046512,0.7731958762886598,0.7575757575757576
0.5384422110552763,0.8333333333333334,0.6,0.6976744186046512,0.7731958762886598,0.7575757575757576
0.542964824120603,0.8333333333333334,0.6,0.6976744186046512,0.7731958762886598,0.7575757575757576
0.5474874371859296,0.8333333333333334,0.6,0.6976744186046512,0.7731958762886598,0.7575757575757576
0.5520100502512563,0.8333333333333334,0.6060606060606061,0.7017543859649122,0.7751937984496124,0.759469696969697
0.5565326633165829,0.8333333333333334,0.6060606060606061,0.7017543859649122,0.7751937984496124,0.759469696969697
0.5610552763819096,0.8333333333333334,0.6122448979591837,0.7058823529411765,0.7772020725388601,0.7613636363636362
0.5655778894472362,0.8333333333333334,0.625,0.7142857142857143,0.78125,0.7651515151515151
0.5701005025125628,0.8333333333333334,0.625,0.7142857142857143,0.78125,0.7651515151515151
0.5746231155778895,0.8333333333333334,0.625,0.7142857142857143,0.78125,0.7651515151515151
0.5791457286432161,0.8333333333333334,0.625,0.7142857142857143,0.78125,0.7651515151515151
0.5836683417085428,0.8194444444444444,0.6210526315789474,0.7065868263473054,0.7702349869451697,0.7512626262626263
0.5881909547738694,0.8194444444444444,0.6210526315789474,0.7065868263473054,0.7702349869451697,0.7512626262626263
0.592713567839196,0.8055555555555556,0.6170212765957447,0.6987951807228916,0.7591623036649214,0.7373737373737375
0.5972361809045227,0.8055555555555556,0.6304347826086957,0.7073170731707317,0.7631578947368421,0.7411616161616161
0.6017587939698492,0.8055555555555556,0.6304347826086957,0.7073170731707317,0.7631578947368421,0.7411616161616161
0.6062814070351759,0.8055555555555556,0.6304347826086957,0.7073170731707317,0.7631578947368421,0.7411616161616161
0.6108040201005025,0.8055555555555556,0.6373626373626373,0.7116564417177914,0.7651715039577837,0.7430555555555556
0.6153266331658291,0.8055555555555556,0.6373626373626373,0.7116564417177914,0.7651715039577837,0.7430555555555556
0.6198492462311558,0.8055555555555556,0.6373626373626373,0.7116564417177914,0.7651715039577837,0.7430555555555556
0.6243718592964824,0.8055555555555556,0.6373626373626373,0.7116564417177914,0.7651715039577837,0.7430555555555556
0.6288944723618091,0.8055555555555556,0.6444444444444445,0.7160493827160493,0.7671957671957672,0.744949494949495
0.6334170854271357,0.8055555555555556,0.6444444444444445,0.7160493827160493,0.7671957671957672,0.744949494949495
0.6379396984924623,0.8055555555555556,0.6444444444444445,0.7160493827160493,0.7671957671957672,0.744949494949495
0.642462311557789,0.8055555555555556,0.6444444444444445,0.7160493827160493,0.7671957671957672,0.744949494949495
0.6469849246231156,0.8055555555555556,0.6444444444444445,0.7160493827160493,0.7671957671957672,0.744949494949495
0.6515075376884423,0.8055555555555556,0.6590909090909091,0.725,0.7712765957446809,0.7487373737373737
0.6560301507537689,0.8055555555555556,0.6590909090909091,0.725,0.7712765957446809,0.7487373737373737
0.6605527638190954,0.8055555555555556,0.6666666666666666,0.7295597484276729,0.7733333333333333,0.7506313131313131
0.6650753768844221,0.7916666666666666,0.6627906976744186,0.7215189873417721,0.7620320855614974,0.7367424242424243
0.6695979899497487,0.7916666666666666,0.6627906976744186,0.7215189873417721,0.7620320855614974,0.7367424242424243
0.6741206030150754,0.7916666666666666,0.6705882352941176,0.7261146496815286,0.7640750670241286,0.7386363636363638
0.678643216080402,0.7916666666666666,0.6705882352941176,0.7261146496815286,0.7640750670241286,0.7386363636363638
0.6831658291457287,0.7916666666666666,0.6705882352941176,0.7261146496815286,0.7640750670241286,0.7386363636363638
0.6876884422110553,0.7777777777777778,0.6666666666666666,0.717948717948718,0.7526881720430108,0.7247474747474749
0.6922110552763819,0.7777777777777778,0.6666666666666666,0.717948717948718,0.7526881720430108,0.7247474747474749
0.6967336683417086,0.7777777777777778,0.6666666666666666,0.717948717948718,0.7526881720430108,0.7247474747474749
0.7012562814070352,0.7777777777777778,0.6746987951807228,0.7225806451612903,0.7547169811320755,0.7266414141414141
0.7057788944723619,0.7777777777777778,0.6746987951807228,0.7225806451612903,0.7547169811320755,0.7266414141414141
0.7103015075376885,0.7777777777777778,0.6746987951807228,0.7225806451612903,0.7547169811320755,0.7266414141414141
0.7148241206030151,0.7777777777777778,0.6829268292682927,0.7272727272727273,0.7567567567567568,0.7285353535353536
0.7193467336683417,0.7777777777777778,0.6829268292682927,0.7272727272727273,0.7567567567567568,0.7285353535353536
0.7238693467336683,0.7777777777777778,0.691358024691358,0.7320261437908496,0.7588075880758808,0.7304292929292928
0.728391959798995,0.7777777777777778,0.7,0.7368421052631579,0.7608695652173914,0.7323232323232323
0.7329145728643216,0.7777777777777778,0.7,0.7368421052631579,0.7608695652173914,0.7323232323232323
0.7374371859296482,0.7777777777777778,0.7,0.7368421052631579,0.7608695652173914,0.7323232323232323
0.7419597989949749,0.7777777777777778,0.717948717948718,0.7466666666666667,0.7650273224043715,0.7361111111111112
0.7464824120603015,0.7777777777777778,0.717948717948718,0.7466666666666667,0.7650273224043715,0.7361111111111112
0.7510050251256282,0.7777777777777778,0.7272727272727273,0.7516778523489933,0.7671232876712328,0.7380050505050506
0.7555276381909548,0.7777777777777778,0.7368421052631579,0.7567567567567568,0.7692307692307693,0.7398989898989901
0.7600502512562815,0.7777777777777778,0.7368421052631579,0.7567567567567568,0.7692307692307693,0.7398989898989901
0.7645728643216081,0.7777777777777778,0.7466666666666667,0.7619047619047619,0.7713498622589532,0.7417929292929293
0.7690954773869347,0.7777777777777778,0.7466666666666667,0.7619047619047619,0.7713498622589532,0.7417929292929293
0.7736180904522614,0.7638888888888888,0.7432432432432432,0.7534246575342466,0.7596685082872928,0.7279040404040402
0.7781407035175879,0.7638888888888888,0.7432432432432432,0.7534246575342466,0.7596685082872928,0.7279040404040402
0.7826633165829145,0.7638888888888888,0.7432432432432432,0.7534246575342466,0.7596685082872928,0.7279040404040402
0.7871859296482412,0.7638888888888888,0.7638888888888888,0.7638888888888888,0.7638888888888888,0.7316919191919191
0.7917085427135678,0.7638888888888888,0.7746478873239436,0.7692307692307693,0.766016713091922,0.7335858585858586
0.7962311557788945,0.7638888888888888,0.7746478873239436,0.7692307692307693,0.766016713091922,0.7335858585858586
0.8007537688442211,0.7638888888888888,0.7746478873239436,0.7692307692307693,0.766016713091922,0.7335858585858586
0.8052763819095478,0.75,0.7714285714285715,0.7605633802816901,0.7541899441340782,0.7196969696969697
0.8097989949748744,0.75,0.782608695652174,0.7659574468085106,0.7563025210084033,0.7215909090909092
0.814321608040201,0.75,0.782608695652174,0.7659574468085106,0.7563025210084033,0.7215909090909092
0.8188442211055277,0.75,0.782608695652174,0.7659574468085106,0.7563025210084033,0.7215909090909092
0.8233668341708543,0.75,0.7941176470588235,0.7714285714285715,0.7584269662921348,0.7234848484848486
0.827889447236181,0.7361111111111112,0.7910447761194029,0.762589928057554,0.7464788732394366,0.7095959595959598
0.8324120603015075,0.7361111111111112,0.7910447761194029,0.762589928057554,0.7464788732394366,0.7095959595959598
0.8369346733668341,0.7361111111111112,0.7910447761194029,0.762589928057554,0.7464788732394366,0.7095959595959598
0.8414572864321608,0.7361111111111112,0.803030303030303,0.7681159420289855,0.748587570621469,0.711489898989899
0.8459798994974874,0.7361111111111112,0.803030303030303,0.7681159420289855,0.748587570621469,0.711489898989899
0.8505025125628141,0.7222222222222222,0.8,0.7591240875912408,0.7365439093484419,0.6976010101010099
0.8550251256281407,0.7222222222222222,0.8,0.7591240875912408,0.7365439093484419,0.6976010101010099
0.8595477386934673,0.7083333333333334,0.796875,0.75,0.7244318181818182,0.6837121212121211
0.864070351758794,0.7083333333333334,0.796875,0.75,0.7244318181818182,0.6837121212121211
0.8685929648241206,0.7083333333333334,0.8225806451612904,0.7611940298507462,0.7285714285714285,0.6875
0.8731155778894473,0.7083333333333334,0.8225806451612904,0.7611940298507462,0.7285714285714285,0.6875
0.8776381909547739,0.7083333333333334,0.8225806451612904,0.7611940298507462,0.7285714285714285,0.6875
0.8821608040201006,0.6805555555555556,0.8166666666666667,0.7424242424242424,0.7040229885057471,0.6597222222222223
0.8866834170854272,0.6805555555555556,0.8166666666666667,0.7424242424242424,0.7040229885057471,0.6597222222222223
0.8912060301507537,0.6805555555555556,0.8166666666666667,0.7424242424242424,0.7040229885057471,0.6597222222222223
0.8957286432160804,0.6805555555555556,0.8448275862068966,0.7538461538461538,0.708092485549133,0.663510101010101
0.900251256281407,0.6805555555555556,0.8448275862068966,0.7538461538461538,0.708092485549133,0.663510101010101
0.9047738693467337,0.6666666666666666,0.8421052631578947,0.7441860465116279,0.6956521739130435,0.6496212121212119
0.9092964824120603,0.6666666666666666,0.8421052631578947,0.7441860465116279,0.6956521739130435,0.6496212121212119
0.9138190954773869,0.6527777777777778,0.8392857142857143,0.734375,0.6831395348837209,0.6357323232323231
0.9183417085427136,0.6527777777777778,0.8392857142857143,0.734375,0.6831395348837209,0.6357323232323231
0.9228643216080402,0.6527777777777778,0.8545454545454545,0.7401574803149606,0.685131195335277,0.6376262626262625
0.9273869346733669,0.6527777777777778,0.8545454545454545,0.7401574803149606,0.685131195335277,0.6376262626262625
0.9319095477386935,0.6388888888888888,0.8518518518518519,0.7301587301587301,0.672514619883041,0.6237373737373737
0.9364321608040201,0.6388888888888888,0.8679245283018868,0.736,0.6744868035190615,0.6256313131313131
0.9409547738693468,0.625,0.8653846153846154,0.7258064516129032,0.6617647058823529,0.6117424242424243
0.9454773869346734,0.625,0.8653846153846154,0.7258064516129032,0.6617647058823529,0.6117424242424243
0.95,0.6111111111111112,0.8627450980392157,0.7154471544715447,0.6489675516224189,0.5978535353535355
